<?xml version="1.0" ?>
<!DOCTYPE bulletml SYSTEM "http://www.asahi-net.or.jp/~cs8k-cyu/bulletml/bulletml.dtd">

<bulletml type="horizontal"
          xmlns="http://www.asahi-net.or.jp/~cs8k-cyu/bulletml">

<action label="top">
<repeat><times>8</times>
<action>
 <fire>
  <direction>-60+$rand*120</direction>
  <bulletRef label="hmgLsr"/>
 </fire>
 <repeat><times>8</times>
 <action>
  <wait>1</wait>
  <fire>
   <direction type="sequence">0</direction>
   <bulletRef label="hmgLsr"/>
  </fire>
 </action>
 </repeat>
 <wait>10</wait>
</action>
</repeat>
</action>

<bullet label="hmgLsr">
<speed>2</speed>
<action>
<changeSpeed>
 <speed>0.3</speed>
 <term>30</term>
</changeSpeed>
<wait>100</wait>
<changeSpeed>
 <speed>5</speed>
 <term>100</term>
</changeSpeed>
</action>
<action>
<repeat><times>9999</times>
<action>
 <changeDirection>
  <direction type="aim">0</direction>
  <term>60-$rank*20</term>
 </changeDirection>
 <wait>5</wait>
</action>
</repeat>
</action>
</bullet>

</bulletml>
