<?xml version="1.0" ?>
<!DOCTYPE bulletml SYSTEM "http://www.asahi-net.or.jp/~cs8k-cyu/bulletml/bulletml.dtd">

<bulletml type="vertical"
          xmlns="http://www.asahi-net.or.jp/~cs8k-cyu/bulletml">

<fire label="circle">
<direction type="sequence">$1</direction>
<speed>6</speed>
<bullet>
<action>
 <wait>3</wait>
 <fire>
  <direction type="absolute">$2</direction>
  <speed>1.5+$rank</speed>
  <bullet/>
 </fire>
 <vanish/>
</action>
</bullet>
</fire>

<action label="fireCircle">
<repeat> <times>18</times>
<action>
<fireRef label="circle">
 <param>20</param>
 <param>$1</param>
</fireRef>
</action>
</repeat>
</action>

<action label="top">
<actionRef label="fireCircle">
 <param>180-45+90*$rand</param>
</actionRef>
</action>

</bulletml>
